<?xml version="1.0" encoding="UTF-8"?>
<objects serializationModel="Studio.01.10.00">
    <object class="MixerReturn" id="{c659b035-2259-477f-bca4-6ec7d65b839b}">
        <property name="overridingInputFormat">
            <value>2</value>
        </property>
        <property name="inputFormatOverridden">
            <value>true</value>
        </property>
        <property name="name">
            <value>Reverb</value>
        </property>
        <relationship name="effectChain">
            <destination>{d61d0222-25e3-45bd-b0ca-21ee606baddb}</destination>
        </relationship>
        <relationship name="panner">
            <destination>{eaf7a5aa-55c3-499d-9361-f3e25e30b32e}</destination>
        </relationship>
        <relationship name="output">
            <destination>{d536073c-8b08-4abc-b86f-cda03bdc2a1f}</destination>
        </relationship>
    </object>
    <object class="MixerBusEffectChain" id="{d61d0222-25e3-45bd-b0ca-21ee606baddb}">
        <relationship name="effects">
            <destination>{2556723b-c20a-4c1f-923a-b90f8a0e22bf}</destination>
            <destination>{0a0f7c12-38bc-49b3-90d2-0f5e06a77f84}</destination>
        </relationship>
    </object>
    <object class="MixerBusPanner" id="{eaf7a5aa-55c3-499d-9361-f3e25e30b32e}"/>
    <object class="SFXReverbEffect" id="{2556723b-c20a-4c1f-923a-b90f8a0e22bf}">
        <property name="wetLevel">
            <value>0</value>
        </property>
        <property name="dryLevel">
            <value>-80</value>
        </property>
    </object>
    <object class="MixerBusFader" id="{0a0f7c12-38bc-49b3-90d2-0f5e06a77f84}"/>
</objects>
