<?xml version="1.0" encoding="UTF-8"?>
<objects serializationModel="Studio.01.10.00">
    <object class="Workspace" id="{27bfb769-5b51-4af0-a9d0-12608c173f05}">
        <relationship name="masterEventFolder">
            <destination>{230da69c-c06d-4094-8a95-1daf18cb3387}</destination>
        </relationship>
        <relationship name="masterTagFolder">
            <destination>{155f870f-50fc-48ba-a48e-7dcf818136af}</destination>
        </relationship>
        <relationship name="masterEffectPresetFolder">
            <destination>{e2a0d035-3e1c-45c1-a95b-03f35f697c25}</destination>
        </relationship>
        <relationship name="masterParameterPresetFolder">
            <destination>{83c1c8c4-acc7-4497-82dc-3cf1d8075319}</destination>
        </relationship>
        <relationship name="masterBankFolder">
            <destination>{c0c0cc73-53c4-4095-b5f6-23e57ff03e52}</destination>
        </relationship>
        <relationship name="masterAssetFolder">
            <destination>{274e8c19-43a3-40de-8f05-28012b43a31d}</destination>
        </relationship>
        <relationship name="mixer">
            <destination>{e9ad0f9c-a4a8-42c2-be25-f759eb64b825}</destination>
        </relationship>
        <relationship name="platforms">
            <destination>{9b4c8124-e56c-4960-889e-8da396be1239}</destination>
        </relationship>
    </object>
</objects>
