<?xml version="1.0" encoding="UTF-8"?>
<objects serializationModel="Studio.01.10.00">
    <object class="AudioFile" id="{3e5bbea8-3720-40a4-aabf-7273f2f917cd}">
        <property name="assetPath">
            <value>Gun_Shot_01.wav</value>
        </property>
        <property name="frequencyInKHz">
            <value>44.0999985</value>
        </property>
        <property name="channelCount">
            <value>1</value>
        </property>
        <property name="length">
            <value>0.55768707482993196</value>
        </property>
        <relationship name="masterAssetFolder">
            <destination>{274e8c19-43a3-40de-8f05-28012b43a31d}</destination>
        </relationship>
    </object>
</objects>
