<?xml version="1.0" encoding="UTF-8"?>
<objects serializationModel="Studio.01.10.00">
    <object class="AudioFile" id="{779a386d-ea4f-4f65-9770-4611fd977957}">
        <property name="assetPath">
            <value>Meteor_Effect_Explosion.mp3</value>
        </property>
        <property name="frequencyInKHz">
            <value>22.0499992</value>
        </property>
        <property name="channelCount">
            <value>2</value>
        </property>
        <property name="length">
            <value>3.6048979591836736</value>
        </property>
        <relationship name="masterAssetFolder">
            <destination>{274e8c19-43a3-40de-8f05-28012b43a31d}</destination>
        </relationship>
    </object>
</objects>
