<?xml version="1.0" encoding="UTF-8"?>
<objects serializationModel="Studio.01.10.00">
    <object class="AudioFile" id="{8f2c65ce-f4e8-4bb1-a4a5-a47f3d4cef2f}">
        <property name="assetPath">
            <value>Dragon_FootStep_01.wav</value>
        </property>
        <property name="frequencyInKHz">
            <value>44.0999985</value>
        </property>
        <property name="channelCount">
            <value>1</value>
        </property>
        <property name="length">
            <value>0.74061224489795918</value>
        </property>
        <relationship name="masterAssetFolder">
            <destination>{274e8c19-43a3-40de-8f05-28012b43a31d}</destination>
        </relationship>
    </object>
</objects>
