<?xml version="1.0" encoding="UTF-8"?>
<objects serializationModel="Studio.01.10.00">
    <object class="AudioFile" id="{a933ba77-2aa3-4c7e-b548-a27f2d18c761}">
        <property name="assetPath">
            <value>Dragon_Hovering.wav</value>
        </property>
        <property name="frequencyInKHz">
            <value>44.0999985</value>
        </property>
        <property name="channelCount">
            <value>2</value>
        </property>
        <property name="length">
            <value>2.143673469387755</value>
        </property>
        <relationship name="masterAssetFolder">
            <destination>{274e8c19-43a3-40de-8f05-28012b43a31d}</destination>
        </relationship>
    </object>
</objects>
