<?xml version="1.0" encoding="UTF-8"?>
<objects serializationModel="Studio.01.10.00">
    <object class="AudioFile" id="{b22c34b9-0251-4803-9a7f-6459084f7105}">
        <property name="assetPath">
            <value>MachineGun_01.wav</value>
        </property>
        <property name="frequencyInKHz">
            <value>44.0999985</value>
        </property>
        <property name="channelCount">
            <value>1</value>
        </property>
        <property name="length">
            <value>0.49004535147392292</value>
        </property>
        <relationship name="masterAssetFolder">
            <destination>{274e8c19-43a3-40de-8f05-28012b43a31d}</destination>
        </relationship>
    </object>
</objects>
