<?xml version="1.0" encoding="UTF-8"?>
<objects serializationModel="Studio.01.10.00">
    <object class="Event" id="{7876c946-6d2e-46b5-bb7e-10f22a5910fb}">
        <property name="name">
            <value>Ammo</value>
        </property>
        <property name="outputFormat">
            <value>2</value>
        </property>
        <relationship name="folder">
            <destination>{8362b1f4-02c6-4616-9ac8-aee690f38184}</destination>
        </relationship>
        <relationship name="mixer">
            <destination>{614327a5-da6f-40fc-9ce8-cbbc308e7800}</destination>
        </relationship>
        <relationship name="masterTrack">
            <destination>{b5ab6427-bf4c-48b6-9f15-e9a9c9de5b55}</destination>
        </relationship>
        <relationship name="mixerInput">
            <destination>{17e30523-fff3-4177-bebb-5e382cbb71dd}</destination>
        </relationship>
        <relationship name="automatableProperties">
            <destination>{fc4ec397-89d9-45f1-bd38-d6d881a4ece6}</destination>
        </relationship>
        <relationship name="markerTracks">
            <destination>{08f10880-ba0a-48ad-9755-b70df63cf44a}</destination>
        </relationship>
        <relationship name="groupTracks">
            <destination>{cc7b22a9-9af2-40a8-983a-1adddf587b2e}</destination>
        </relationship>
        <relationship name="timeline">
            <destination>{5f363955-4592-4c30-bd44-e9d68ae044b4}</destination>
        </relationship>
        <relationship name="banks">
            <destination>{f8bea248-2f29-4569-9738-9e8a36cceaeb}</destination>
        </relationship>
    </object>
    <object class="EventMixer" id="{614327a5-da6f-40fc-9ce8-cbbc308e7800}">
        <relationship name="masterBus">
            <destination>{0bc89a6a-613c-4ba3-8ecf-7a125c3f6fd6}</destination>
        </relationship>
    </object>
    <object class="MasterTrack" id="{b5ab6427-bf4c-48b6-9f15-e9a9c9de5b55}">
        <relationship name="mixerGroup">
            <destination>{0bc89a6a-613c-4ba3-8ecf-7a125c3f6fd6}</destination>
        </relationship>
    </object>
    <object class="MixerInput" id="{17e30523-fff3-4177-bebb-5e382cbb71dd}">
        <relationship name="effectChain">
            <destination>{9e92efc3-66c2-4b65-ba7f-359951973a85}</destination>
        </relationship>
        <relationship name="panner">
            <destination>{aae1224c-71f2-47df-98fd-ffd5471d84aa}</destination>
        </relationship>
        <relationship name="output">
            <destination>{d536073c-8b08-4abc-b86f-cda03bdc2a1f}</destination>
        </relationship>
    </object>
    <object class="EventAutomatableProperties" id="{fc4ec397-89d9-45f1-bd38-d6d881a4ece6}"/>
    <object class="MarkerTrack" id="{08f10880-ba0a-48ad-9755-b70df63cf44a}"/>
    <object class="GroupTrack" id="{cc7b22a9-9af2-40a8-983a-1adddf587b2e}">
        <relationship name="automationTracks">
            <destination>{7e01f524-4b12-434a-a1a4-acdd471279a1}</destination>
        </relationship>
        <relationship name="modules">
            <destination>{bd711c4f-8ea4-4ca1-bb69-c134206d2fa0}</destination>
        </relationship>
        <relationship name="mixerGroup">
            <destination>{9f3a30b2-5a5e-493b-a1fe-5fb281e7895e}</destination>
        </relationship>
    </object>
    <object class="Timeline" id="{5f363955-4592-4c30-bd44-e9d68ae044b4}">
        <relationship name="modules">
            <destination>{bd711c4f-8ea4-4ca1-bb69-c134206d2fa0}</destination>
        </relationship>
    </object>
    <object class="EventMixerMaster" id="{0bc89a6a-613c-4ba3-8ecf-7a125c3f6fd6}">
        <property name="overridingInputFormat">
            <value>1</value>
        </property>
        <property name="inputFormatOverridden">
            <value>true</value>
        </property>
        <relationship name="effectChain">
            <destination>{ce56fd65-3917-45a7-bc91-6f76cc10eecc}</destination>
        </relationship>
        <relationship name="panner">
            <destination>{d218eea1-491c-4494-a1f0-ad25147f20d6}</destination>
        </relationship>
        <relationship name="mixer">
            <destination>{614327a5-da6f-40fc-9ce8-cbbc308e7800}</destination>
        </relationship>
    </object>
    <object class="MixerBusEffectChain" id="{9e92efc3-66c2-4b65-ba7f-359951973a85}">
        <relationship name="effects">
            <destination>{f3760c3b-a706-4d81-9c96-117e3cea36e6}</destination>
        </relationship>
    </object>
    <object class="MixerBusPanner" id="{aae1224c-71f2-47df-98fd-ffd5471d84aa}"/>
    <object class="AutomationTrack" id="{7e01f524-4b12-434a-a1a4-acdd471279a1}">
        <relationship name="automator">
            <destination>{f7283e2f-c55a-4dba-b7a0-3ded758d6616}</destination>
        </relationship>
    </object>
    <object class="MultiSound" id="{bd711c4f-8ea4-4ca1-bb69-c134206d2fa0}">
        <property name="length">
            <value>0.10276643990929706</value>
        </property>
        <property name="pitch">
            <value>-1.60000002</value>
        </property>
        <relationship name="modulators">
            <destination>{f0d1bf77-1efb-4645-aac4-cc54d088d6ef}</destination>
        </relationship>
        <relationship name="sounds">
            <destination>{03146873-fa46-4adc-8cad-f7bec7051370}</destination>
            <destination>{4da25249-a5f1-46ec-b70e-3070a2ec1e09}</destination>
            <destination>{26305daa-2cd9-4ec7-b9a5-5153d4f8afd0}</destination>
        </relationship>
    </object>
    <object class="EventMixerGroup" id="{9f3a30b2-5a5e-493b-a1fe-5fb281e7895e}">
        <property name="name">
            <value>Audio 1</value>
        </property>
        <relationship name="automators">
            <destination>{f7283e2f-c55a-4dba-b7a0-3ded758d6616}</destination>
        </relationship>
        <relationship name="effectChain">
            <destination>{905661eb-4a78-42c0-9c84-9df0f4625ff6}</destination>
        </relationship>
        <relationship name="panner">
            <destination>{a920cf66-f8af-43cb-b429-4b195186db06}</destination>
        </relationship>
        <relationship name="output">
            <destination>{0bc89a6a-613c-4ba3-8ecf-7a125c3f6fd6}</destination>
        </relationship>
    </object>
    <object class="MixerBusEffectChain" id="{ce56fd65-3917-45a7-bc91-6f76cc10eecc}">
        <relationship name="effects">
            <destination>{04d0efd0-e074-4ba1-a965-373a65d1b67c}</destination>
            <destination>{a64baab1-fcb2-4583-bd97-445292d76298}</destination>
        </relationship>
    </object>
    <object class="MixerBusPanner" id="{d218eea1-491c-4494-a1f0-ad25147f20d6}"/>
    <object class="MixerBusFader" id="{f3760c3b-a706-4d81-9c96-117e3cea36e6}"/>
    <object class="RandomizerModulator" id="{f0d1bf77-1efb-4645-aac4-cc54d088d6ef}">
        <property name="nameOfPropertyBeingModulated">
            <value>pitch</value>
        </property>
        <property name="amount">
            <value>2.08333349</value>
        </property>
    </object>
    <object class="SingleSound" id="{03146873-fa46-4adc-8cad-f7bec7051370}">
        <relationship name="audioFile">
            <destination>{a58e0faf-babb-4728-a316-e562e094707f}</destination>
        </relationship>
    </object>
    <object class="SingleSound" id="{4da25249-a5f1-46ec-b70e-3070a2ec1e09}">
        <relationship name="audioFile">
            <destination>{7085cde2-c9c6-44c2-a351-88dad48e995b}</destination>
        </relationship>
    </object>
    <object class="SingleSound" id="{26305daa-2cd9-4ec7-b9a5-5153d4f8afd0}">
        <relationship name="audioFile">
            <destination>{625fa9c7-9c34-4042-a0d1-d3bacbf932c6}</destination>
        </relationship>
    </object>
    <object class="Automator" id="{f7283e2f-c55a-4dba-b7a0-3ded758d6616}">
        <property name="nameOfPropertyBeingAutomated">
            <value>volume</value>
        </property>
    </object>
    <object class="MixerBusEffectChain" id="{905661eb-4a78-42c0-9c84-9df0f4625ff6}">
        <relationship name="effects">
            <destination>{966930c2-2470-48a4-8d58-e42211c29312}</destination>
            <destination>{36733870-ae14-40a6-81cb-2d6dfcb518b2}</destination>
        </relationship>
    </object>
    <object class="MixerBusPanner" id="{a920cf66-f8af-43cb-b429-4b195186db06}"/>
    <object class="MixerBusFader" id="{04d0efd0-e074-4ba1-a965-373a65d1b67c}"/>
    <object class="SpatialiserEffect" id="{a64baab1-fcb2-4583-bd97-445292d76298}">
        <property name="minimumDistance">
            <value>0</value>
        </property>
        <property name="maximumDistance">
            <value>8</value>
        </property>
    </object>
    <object class="MixerBusFader" id="{966930c2-2470-48a4-8d58-e42211c29312}"/>
    <object class="ThreeEQEffect" id="{36733870-ae14-40a6-81cb-2d6dfcb518b2}">
        <property name="lowGain">
            <value>6.5</value>
        </property>
        <property name="midGain">
            <value>1</value>
        </property>
        <property name="highGain">
            <value>3.5</value>
        </property>
    </object>
</objects>
