<?xml version="1.0" encoding="UTF-8"?>
<objects serializationModel="Studio.01.10.00">
    <object class="Event" id="{bdd7548a-8a10-4fab-bc90-865883129db0}">
        <property name="name">
            <value>Flying</value>
        </property>
        <property name="outputFormat">
            <value>1</value>
        </property>
        <relationship name="folder">
            <destination>{803a3991-978a-4564-b73d-b84ed131870f}</destination>
        </relationship>
        <relationship name="mixer">
            <destination>{2fb5e619-582b-4354-896b-2a7de1ba5480}</destination>
        </relationship>
        <relationship name="masterTrack">
            <destination>{eec278af-ffde-41be-a672-eb84331280e0}</destination>
        </relationship>
        <relationship name="mixerInput">
            <destination>{e7b83c89-6a34-44d1-8830-b280ecfa460f}</destination>
        </relationship>
        <relationship name="automatableProperties">
            <destination>{9798992f-3375-4cc5-8a23-6364750136f7}</destination>
        </relationship>
        <relationship name="markerTracks">
            <destination>{1e17c337-8be5-48ec-ba07-ccb55213b975}</destination>
        </relationship>
        <relationship name="groupTracks">
            <destination>{5358bc6d-83b8-45e3-bdd4-5b7b5b331332}</destination>
        </relationship>
        <relationship name="timeline">
            <destination>{c807631b-6570-4f32-8794-0cdbef04ccb7}</destination>
        </relationship>
        <relationship name="banks">
            <destination>{f8bea248-2f29-4569-9738-9e8a36cceaeb}</destination>
        </relationship>
    </object>
    <object class="EventMixer" id="{2fb5e619-582b-4354-896b-2a7de1ba5480}">
        <relationship name="masterBus">
            <destination>{084d6121-b58a-4fd0-acbf-eb58db7ba913}</destination>
        </relationship>
    </object>
    <object class="MasterTrack" id="{eec278af-ffde-41be-a672-eb84331280e0}">
        <relationship name="mixerGroup">
            <destination>{084d6121-b58a-4fd0-acbf-eb58db7ba913}</destination>
        </relationship>
    </object>
    <object class="MixerInput" id="{e7b83c89-6a34-44d1-8830-b280ecfa460f}">
        <relationship name="effectChain">
            <destination>{0f48e661-587d-4ca7-b13c-e24be9a9521f}</destination>
        </relationship>
        <relationship name="panner">
            <destination>{9c6da82b-5380-4fcc-89c5-89fbeffa6636}</destination>
        </relationship>
        <relationship name="output">
            <destination>{d536073c-8b08-4abc-b86f-cda03bdc2a1f}</destination>
        </relationship>
    </object>
    <object class="EventAutomatableProperties" id="{9798992f-3375-4cc5-8a23-6364750136f7}"/>
    <object class="MarkerTrack" id="{1e17c337-8be5-48ec-ba07-ccb55213b975}"/>
    <object class="GroupTrack" id="{5358bc6d-83b8-45e3-bdd4-5b7b5b331332}">
        <relationship name="modules">
            <destination>{cd12549f-b206-42d4-9498-ebbdc32a3498}</destination>
        </relationship>
        <relationship name="mixerGroup">
            <destination>{fe1f91a9-bfb5-4543-867f-7e73673b65af}</destination>
        </relationship>
    </object>
    <object class="Timeline" id="{c807631b-6570-4f32-8794-0cdbef04ccb7}">
        <relationship name="modules">
            <destination>{cd12549f-b206-42d4-9498-ebbdc32a3498}</destination>
        </relationship>
    </object>
    <object class="EventMixerMaster" id="{084d6121-b58a-4fd0-acbf-eb58db7ba913}">
        <property name="overridingInputFormat">
            <value>1</value>
        </property>
        <property name="inputFormatOverridden">
            <value>true</value>
        </property>
        <relationship name="effectChain">
            <destination>{494a0a30-c200-4980-8994-a2325964355b}</destination>
        </relationship>
        <relationship name="panner">
            <destination>{417e4dac-87c3-4586-8ce0-df17febda484}</destination>
        </relationship>
        <relationship name="mixer">
            <destination>{2fb5e619-582b-4354-896b-2a7de1ba5480}</destination>
        </relationship>
    </object>
    <object class="MixerBusEffectChain" id="{0f48e661-587d-4ca7-b13c-e24be9a9521f}">
        <relationship name="effects">
            <destination>{56f2b469-af6c-4598-8462-33dc718edb64}</destination>
        </relationship>
    </object>
    <object class="MixerBusPanner" id="{9c6da82b-5380-4fcc-89c5-89fbeffa6636}"/>
    <object class="SingleSound" id="{cd12549f-b206-42d4-9498-ebbdc32a3498}">
        <property name="isAsync">
            <value>true</value>
        </property>
        <property name="length">
            <value>1.9676422593405127</value>
        </property>
        <property name="timelockedOffset">
            <value>0.48818680572228212</value>
        </property>
        <property name="name">
            <value>Dragon_Flying</value>
        </property>
        <property name="pitch">
            <value>-3.60000014</value>
        </property>
        <relationship name="modulators">
            <destination>{847146b8-426f-49f7-a978-00f4d5161b48}</destination>
        </relationship>
        <relationship name="fadeInCurve">
            <destination>{fcb8854b-5449-422a-bda7-065cb83290b5}</destination>
        </relationship>
        <relationship name="fadeOutCurve">
            <destination>{78e9651f-a19f-40ad-92b5-82bbc7f8a142}</destination>
        </relationship>
        <relationship name="audioFile">
            <destination>{37e91d31-87d1-472a-8b54-fee56b287629}</destination>
        </relationship>
    </object>
    <object class="EventMixerGroup" id="{fe1f91a9-bfb5-4543-867f-7e73673b65af}">
        <property name="name">
            <value>Audio 1</value>
        </property>
        <relationship name="effectChain">
            <destination>{c3756ee1-a90d-4c82-af85-749638f8fa4c}</destination>
        </relationship>
        <relationship name="panner">
            <destination>{f416036c-b50e-4a78-9e45-0f14a757281b}</destination>
        </relationship>
        <relationship name="output">
            <destination>{084d6121-b58a-4fd0-acbf-eb58db7ba913}</destination>
        </relationship>
    </object>
    <object class="MixerBusEffectChain" id="{494a0a30-c200-4980-8994-a2325964355b}">
        <relationship name="effects">
            <destination>{716f1ef6-2e38-4fd1-8c19-c789fbebf10d}</destination>
            <destination>{6cac0168-acae-4040-bff5-267def435eb7}</destination>
        </relationship>
    </object>
    <object class="MixerBusPanner" id="{417e4dac-87c3-4586-8ce0-df17febda484}">
        <property name="overridingOutputFormat">
            <value>1</value>
        </property>
        <property name="outputFormatOverridden">
            <value>true</value>
        </property>
    </object>
    <object class="MixerBusFader" id="{56f2b469-af6c-4598-8462-33dc718edb64}"/>
    <object class="RandomizerModulator" id="{847146b8-426f-49f7-a978-00f4d5161b48}">
        <property name="nameOfPropertyBeingModulated">
            <value>pitch</value>
        </property>
        <property name="amount">
            <value>2.08333349</value>
        </property>
    </object>
    <object class="FadeCurve" id="{fcb8854b-5449-422a-bda7-065cb83290b5}">
        <relationship name="startPoint">
            <destination>{db982146-a0bc-4e0d-af83-e8a619b706ac}</destination>
        </relationship>
        <relationship name="endPoint">
            <destination>{d0a14311-fba1-4768-821f-51043be41c12}</destination>
        </relationship>
    </object>
    <object class="FadeCurve" id="{78e9651f-a19f-40ad-92b5-82bbc7f8a142}">
        <relationship name="startPoint">
            <destination>{7c12e37e-0b64-4dcd-aabb-f2ab93b3ca26}</destination>
        </relationship>
        <relationship name="endPoint">
            <destination>{79dba84e-9591-41b2-a25d-2701e2738131}</destination>
        </relationship>
    </object>
    <object class="MixerBusEffectChain" id="{c3756ee1-a90d-4c82-af85-749638f8fa4c}">
        <relationship name="effects">
            <destination>{544c9952-15a9-4757-acf8-2e0f9840acf0}</destination>
            <destination>{f19fec50-ce1d-417e-8ed2-1d7faa0dc9de}</destination>
            <destination>{bb2df39e-b5ca-4db1-9afa-849c1178b888}</destination>
        </relationship>
    </object>
    <object class="MixerBusPanner" id="{f416036c-b50e-4a78-9e45-0f14a757281b}"/>
    <object class="MixerBusFader" id="{716f1ef6-2e38-4fd1-8c19-c789fbebf10d}"/>
    <object class="SpatialiserEffect" id="{6cac0168-acae-4040-bff5-267def435eb7}"/>
    <object class="AutomationPoint" id="{db982146-a0bc-4e0d-af83-e8a619b706ac}">
        <property name="position">
            <value>0</value>
        </property>
        <property name="value">
            <value>0</value>
        </property>
        <property name="curveShape">
            <value>-0.2547189</value>
        </property>
    </object>
    <object class="AutomationPoint" id="{d0a14311-fba1-4768-821f-51043be41c12}">
        <property name="position">
            <value>0.24999999999999992</value>
        </property>
        <property name="value">
            <value>1</value>
        </property>
    </object>
    <object class="AutomationPoint" id="{7c12e37e-0b64-4dcd-aabb-f2ab93b3ca26}">
        <property name="position">
            <value>1.4200000000000008</value>
        </property>
        <property name="value">
            <value>1</value>
        </property>
        <property name="curveShape">
            <value>0.25471893</value>
        </property>
    </object>
    <object class="AutomationPoint" id="{79dba84e-9591-41b2-a25d-2701e2738131}">
        <property name="position">
            <value>1.9676422593405136</value>
        </property>
        <property name="value">
            <value>0</value>
        </property>
    </object>
    <object class="SFXReverbEffect" id="{544c9952-15a9-4757-acf8-2e0f9840acf0}"/>
    <object class="MixerBusFader" id="{f19fec50-ce1d-417e-8ed2-1d7faa0dc9de}"/>
    <object class="ThreeEQEffect" id="{bb2df39e-b5ca-4db1-9afa-849c1178b888}">
        <property name="highGain">
            <value>6</value>
        </property>
    </object>
</objects>
