<?xml version="1.0" encoding="UTF-8"?>
<objects serializationModel="Studio.01.10.00">
    <object class="Workspace" id="{27bfb769-5b51-4af0-a9d0-12608c173f05}">
        <relationship name="projectSettings">
            <destination>{e0a3c65e-1dfd-4dd9-b348-5ecc14985191}</destination>
        </relationship>
        <relationship name="changelist">
            <destination>{16caff1b-6817-4c61-971a-fa90fba0e616}</destination>
        </relationship>
        <relationship name="profilerSessionFolder">
            <destination>{7e93e072-1906-46a5-97cc-6bf93f6f4308}</destination>
        </relationship>
    </object>
    <object class="ProjectSettings" id="{e0a3c65e-1dfd-4dd9-b348-5ecc14985191}">
        <relationship name="activePlatform">
            <destination>{9b4c8124-e56c-4960-889e-8da396be1239}</destination>
        </relationship>
    </object>
    <object class="WorkspaceChangelist" id="{16caff1b-6817-4c61-971a-fa90fba0e616}"/>
</objects>
